datetime,X
2015-03-17 00:00:00+00:00,20565.3
2015-03-17 00:01:00+00:00,20565.8
2015-03-17 00:02:00+00:00,20566.3
2015-03-17 00:03:00+00:00,20566.4
2015-03-17 00:04:00+00:00,20566.1
2015-03-17 00:05:00+00:00,20565.8
2015-03-17 00:06:00+00:00,20565.6
2015-03-17 00:07:00+00:00,20565.8
2015-03-17 00:08:00+00:00,20565.8
2015-03-17 00:09:00+00:00,20567.1
2015-03-17 00:10:00+00:00,20568.6
2015-03-17 00:11:00+00:00,20569.5
2015-03-17 00:12:00+00:00,20570.0
2015-03-17 00:13:00+00:00,20569.7
2015-03-17 00:14:00+00:00,20569.5
2015-03-17 00:15:00+00:00,20570.3
2015-03-17 00:16:00+00:00,20570.1
2015-03-17 00:17:00+00:00,20568.4
2015-03-17 00:18:00+00:00,20567.9
2015-03-17 00:19:00+00:00,20568.1
2015-03-17 00:20:00+00:00,20568.0
2015-03-17 00:21:00+00:00,20566.9
2015-03-17 00:22:00+00:00,20567.3
2015-03-17 00:23:00+00:00,20566.9
2015-03-17 00:24:00+00:00,20567.3
2015-03-17 00:25:00+00:00,20567.6
2015-03-17 00:26:00+00:00,20567.5
2015-03-17 00:27:00+00:00,20567.4
2015-03-17 00:28:00+00:00,20567.4
2015-03-17 00:29:00+00:00,20567.4
2015-03-17 00:30:00+00:00,20567.7
2015-03-17 00:31:00+00:00,20568.2
2015-03-17 00:32:00+00:00,20568.3
2015-03-17 00:33:00+00:00,20568.3
2015-03-17 00:34:00+00:00,20567.7
2015-03-17 00:35:00+00:00,20566.7
2015-03-17 00:36:00+00:00,20565.6
2015-03-17 00:37:00+00:00,20565.2
2015-03-17 00:38:00+00:00,20564.9
2015-03-17 00:39:00+00:00,20564.6
2015-03-17 00:40:00+00:00,20564.2
2015-03-17 00:41:00+00:00,20563.6
2015-03-17 00:42:00+00:00,20563.3
2015-03-17 00:43:00+00:00,20563.0
2015-03-17 00:44:00+00:00,20563.2
2015-03-17 00:45:00+00:00,20563.3
2015-03-17 00:46:00+00:00,20563.1
2015-03-17 00:47:00+00:00,20563.1
2015-03-17 00:48:00+00:00,20563.2
2015-03-17 00:49:00+00:00,20563.3
2015-03-17 00:50:00+00:00,20563.6
2015-03-17 00:51:00+00:00,20563.6
2015-03-17 00:52:00+00:00,20563.8
2015-03-17 00:53:00+00:00,20564.0
2015-03-17 00:54:00+00:00,20563.8
2015-03-17 00:55:00+00:00,20564.1
2015-03-17 00:56:00+00:00,20564.7
2015-03-17 00:57:00+00:00,20565.0
2015-03-17 00:58:00+00:00,20565.4
2015-03-17 00:59:00+00:00,20565.2
2015-03-17 01:00:00+00:00,20565.2
2015-03-17 01:01:00+00:00,20565.6
2015-03-17 01:02:00+00:00,20565.8
2015-03-17 01:03:00+00:00,20566.1
2015-03-17 01:04:00+00:00,20566.1
2015-03-17 01:05:00+00:00,20566.2
2015-03-17 01:06:00+00:00,20566.4
2015-03-17 01:07:00+00:00,20566.3
2015-03-17 01:08:00+00:00,20566.7
2015-03-17 01:09:00+00:00,20566.9
2015-03-17 01:10:00+00:00,20567.2
2015-03-17 01:11:00+00:00,20567.7
2015-03-17 01:12:00+00:00,20568.1
2015-03-17 01:13:00+00:00,20568.4
2015-03-17 01:14:00+00:00,20568.4
2015-03-17 01:15:00+00:00,20568.7
2015-03-17 01:16:00+00:00,20568.5
2015-03-17 01:17:00+00:00,20568.5
2015-03-17 01:18:00+00:00,20568.4
2015-03-17 01:19:00+00:00,20568.1
2015-03-17 01:20:00+00:00,20567.8
2015-03-17 01:21:00+00:00,20567.3
2015-03-17 01:22:00+00:00,20567.1
2015-03-17 01:23:00+00:00,20567.1
2015-03-17 01:24:00+00:00,20567.0
2015-03-17 01:25:00+00:00,20566.9
2015-03-17 01:26:00+00:00,20566.7
2015-03-17 01:27:00+00:00,20566.7
2015-03-17 01:28:00+00:00,20566.4
2015-03-17 01:29:00+00:00,20566.6
2015-03-17 01:30:00+00:00,20566.5
2015-03-17 01:31:00+00:00,20566.0
2015-03-17 01:32:00+00:00,20565.9
2015-03-17 01:33:00+00:00,20565.8
2015-03-17 01:34:00+00:00,20565.7
2015-03-17 01:35:00+00:00,20565.7
2015-03-17 01:36:00+00:00,20565.7
2015-03-17 01:37:00+00:00,20565.8
2015-03-17 01:38:00+00:00,20565.8
2015-03-17 01:39:00+00:00,20566.0
2015-03-17 01:40:00+00:00,20566.1
2015-03-17 01:41:00+00:00,20566.2
2015-03-17 01:42:00+00:00,20566.2
2015-03-17 01:43:00+00:00,20566.0
2015-03-17 01:44:00+00:00,20566.1
2015-03-17 01:45:00+00:00,20566.1
2015-03-17 01:46:00+00:00,20565.9
2015-03-17 01:47:00+00:00,20566.3
2015-03-17 01:48:00+00:00,20566.1
2015-03-17 01:49:00+00:00,20565.3
2015-03-17 01:50:00+00:00,20565.9
2015-03-17 01:51:00+00:00,20566.7
2015-03-17 01:52:00+00:00,20566.9
2015-03-17 01:53:00+00:00,20567.3
2015-03-17 01:54:00+00:00,20567.6
2015-03-17 01:55:00+00:00,20568.4
2015-03-17 01:56:00+00:00,20569.9
2015-03-17 01:57:00+00:00,20571.8
2015-03-17 01:58:00+00:00,20573.0
2015-03-17 01:59:00+00:00,20570.7
2015-03-17 02:00:00+00:00,20568.0
2015-03-17 02:01:00+00:00,20566.0
2015-03-17 02:02:00+00:00,20564.7
2015-03-17 02:03:00+00:00,20564.8
2015-03-17 02:04:00+00:00,20565.3
2015-03-17 02:05:00+00:00,20565.7
2015-03-17 02:06:00+00:00,20565.7
2015-03-17 02:07:00+00:00,20565.4
2015-03-17 02:08:00+00:00,20565.3
2015-03-17 02:09:00+00:00,20565.5
2015-03-17 02:10:00+00:00,20566.0
2015-03-17 02:11:00+00:00,20566.6
2015-03-17 02:12:00+00:00,20566.0
2015-03-17 02:13:00+00:00,20566.1
2015-03-17 02:14:00+00:00,20566.1
2015-03-17 02:15:00+00:00,20566.4
2015-03-17 02:16:00+00:00,20567.2
2015-03-17 02:17:00+00:00,20568.3
2015-03-17 02:18:00+00:00,20569.3
2015-03-17 02:19:00+00:00,20570.4
2015-03-17 02:20:00+00:00,20572.1
2015-03-17 02:21:00+00:00,20573.0
2015-03-17 02:22:00+00:00,20573.3
2015-03-17 02:23:00+00:00,20572.9
2015-03-17 02:24:00+00:00,20571.8
2015-03-17 02:25:00+00:00,20571.1
2015-03-17 02:26:00+00:00,20571.2
2015-03-17 02:27:00+00:00,20571.7
2015-03-17 02:28:00+00:00,20572.5
2015-03-17 02:29:00+00:00,20573.7
2015-03-17 02:30:00+00:00,20573.7
2015-03-17 02:31:00+00:00,20572.5
2015-03-17 02:32:00+00:00,20570.9
2015-03-17 02:33:00+00:00,20570.3
2015-03-17 02:34:00+00:00,20570.1
2015-03-17 02:35:00+00:00,20570.2
2015-03-17 02:36:00+00:00,20570.0
2015-03-17 02:37:00+00:00,20569.6
2015-03-17 02:38:00+00:00,20568.7
2015-03-17 02:39:00+00:00,20567.8
2015-03-17 02:40:00+00:00,20567.1
2015-03-17 02:41:00+00:00,20567.2
2015-03-17 02:42:00+00:00,20567.7
2015-03-17 02:43:00+00:00,20568.4
2015-03-17 02:44:00+00:00,20569.3
2015-03-17 02:45:00+00:00,20569.7
2015-03-17 02:46:00+00:00,20569.5
2015-03-17 02:47:00+00:00,20569.5
2015-03-17 02:48:00+00:00,20569.8
2015-03-17 02:49:00+00:00,20569.9
2015-03-17 02:50:00+00:00,20569.5
2015-03-17 02:51:00+00:00,20569.2
2015-03-17 02:52:00+00:00,20568.2
2015-03-17 02:53:00+00:00,20567.3
2015-03-17 02:54:00+00:00,20566.5
2015-03-17 02:55:00+00:00,20566.6
2015-03-17 02:56:00+00:00,20566.6
2015-03-17 02:57:00+00:00,20567.0
2015-03-17 02:58:00+00:00,20566.9
2015-03-17 02:59:00+00:00,20567.1
2015-03-17 03:00:00+00:00,20567.2
2015-03-17 03:01:00+00:00,20567.2
2015-03-17 03:02:00+00:00,20567.3
2015-03-17 03:03:00+00:00,20567.2
2015-03-17 03:04:00+00:00,20567.0
2015-03-17 03:05:00+00:00,20566.6
2015-03-17 03:06:00+00:00,20565.9
2015-03-17 03:07:00+00:00,20565.5
2015-03-17 03:08:00+00:00,20565.0
2015-03-17 03:09:00+00:00,20564.4
2015-03-17 03:10:00+00:00,20563.7
2015-03-17 03:11:00+00:00,20563.9
2015-03-17 03:12:00+00:00,20564.2
2015-03-17 03:13:00+00:00,20564.5
2015-03-17 03:14:00+00:00,20564.5
2015-03-17 03:15:00+00:00,20564.4
2015-03-17 03:16:00+00:00,20564.2
2015-03-17 03:17:00+00:00,20563.9
2015-03-17 03:18:00+00:00,20563.7
2015-03-17 03:19:00+00:00,20563.1
2015-03-17 03:20:00+00:00,20562.9
2015-03-17 03:21:00+00:00,20563.4
2015-03-17 03:22:00+00:00,20563.6
2015-03-17 03:23:00+00:00,20564.2
2015-03-17 03:24:00+00:00,20564.5
2015-03-17 03:25:00+00:00,20564.7
2015-03-17 03:26:00+00:00,20565.3
2015-03-17 03:27:00+00:00,20565.7
2015-03-17 03:28:00+00:00,20565.3
2015-03-17 03:29:00+00:00,20565.0
2015-03-17 03:30:00+00:00,20564.6
2015-03-17 03:31:00+00:00,20564.2
2015-03-17 03:32:00+00:00,20563.5
2015-03-17 03:33:00+00:00,20563.2
2015-03-17 03:34:00+00:00,20562.9
2015-03-17 03:35:00+00:00,20563.7
2015-03-17 03:36:00+00:00,20564.8
2015-03-17 03:37:00+00:00,20564.7
2015-03-17 03:38:00+00:00,20564.2
2015-03-17 03:39:00+00:00,20563.7
2015-03-17 03:40:00+00:00,20563.5
2015-03-17 03:41:00+00:00,20564.8
2015-03-17 03:42:00+00:00,20564.7
2015-03-17 03:43:00+00:00,20564.5
2015-03-17 03:44:00+00:00,20565.0
2015-03-17 03:45:00+00:00,20565.1
2015-03-17 03:46:00+00:00,20565.3
2015-03-17 03:47:00+00:00,20565.4
2015-03-17 03:48:00+00:00,20565.4
2015-03-17 03:49:00+00:00,20565.8
2015-03-17 03:50:00+00:00,20565.9
2015-03-17 03:51:00+00:00,20566.0
2015-03-17 03:52:00+00:00,20566.1
2015-03-17 03:53:00+00:00,20566.7
2015-03-17 03:54:00+00:00,20566.5
2015-03-17 03:55:00+00:00,20565.1
2015-03-17 03:56:00+00:00,20564.1
2015-03-17 03:57:00+00:00,20564.0
2015-03-17 03:58:00+00:00,20563.2
2015-03-17 03:59:00+00:00,20563.4
2015-03-17 04:00:00+00:00,20564.7
2015-03-17 04:01:00+00:00,20565.6
2015-03-17 04:02:00+00:00,20566.1
2015-03-17 04:03:00+00:00,20565.0
2015-03-17 04:04:00+00:00,20563.9
2015-03-17 04:05:00+00:00,20563.1
2015-03-17 04:06:00+00:00,20563.0
2015-03-17 04:07:00+00:00,20563.9
2015-03-17 04:08:00+00:00,20564.1
2015-03-17 04:09:00+00:00,20562.9
2015-03-17 04:10:00+00:00,20562.8
2015-03-17 04:11:00+00:00,20562.0
2015-03-17 04:12:00+00:00,20561.3
2015-03-17 04:13:00+00:00,20561.0
2015-03-17 04:14:00+00:00,20560.8
2015-03-17 04:15:00+00:00,20562.8
2015-03-17 04:16:00+00:00,20563.1
2015-03-17 04:17:00+00:00,20562.6
2015-03-17 04:18:00+00:00,20563.6
2015-03-17 04:19:00+00:00,20563.1
2015-03-17 04:20:00+00:00,20563.2
2015-03-17 04:21:00+00:00,20561.8
2015-03-17 04:22:00+00:00,20562.2
2015-03-17 04:23:00+00:00,20561.9
2015-03-17 04:24:00+00:00,20562.1
2015-03-17 04:25:00+00:00,20562.0
2015-03-17 04:26:00+00:00,20561.0
2015-03-17 04:27:00+00:00,20562.5
2015-03-17 04:28:00+00:00,20562.2
2015-03-17 04:29:00+00:00,20562.7
2015-03-17 04:30:00+00:00,20562.6
2015-03-17 04:31:00+00:00,20563.3
2015-03-17 04:32:00+00:00,20562.7
2015-03-17 04:33:00+00:00,20563.9
2015-03-17 04:34:00+00:00,20563.8
2015-03-17 04:35:00+00:00,20563.9
2015-03-17 04:36:00+00:00,20563.7
2015-03-17 04:37:00+00:00,20565.4
2015-03-17 04:38:00+00:00,20566.6
2015-03-17 04:39:00+00:00,20565.8
2015-03-17 04:40:00+00:00,20565.8
2015-03-17 04:41:00+00:00,20565.5
2015-03-17 04:42:00+00:00,20564.0
2015-03-17 04:43:00+00:00,20563.7
2015-03-17 04:44:00+00:00,20563.5
2015-03-17 04:45:00+00:00,20564.5
2015-03-17 04:46:00+00:00,20562.6
2015-03-17 04:47:00+00:00,20603.3
2015-03-17 04:48:00+00:00,20616.4
2015-03-17 04:49:00+00:00,20617.7
2015-03-17 04:50:00+00:00,20610.0
2015-03-17 04:51:00+00:00,20603.5
2015-03-17 04:52:00+00:00,20599.0
2015-03-17 04:53:00+00:00,20599.6
2015-03-17 04:54:00+00:00,20599.9
2015-03-17 04:55:00+00:00,20596.3
2015-03-17 04:56:00+00:00,20593.0
2015-03-17 04:57:00+00:00,20592.1
2015-03-17 04:58:00+00:00,20590.3
2015-03-17 04:59:00+00:00,20588.5
2015-03-17 05:00:00+00:00,20587.2
2015-03-17 05:01:00+00:00,20585.4
2015-03-17 05:02:00+00:00,20585.6
2015-03-17 05:03:00+00:00,20587.1
2015-03-17 05:04:00+00:00,20589.2
2015-03-17 05:05:00+00:00,20590.5
2015-03-17 05:06:00+00:00,20591.7
2015-03-17 05:07:00+00:00,20593.9
2015-03-17 05:08:00+00:00,20594.2
2015-03-17 05:09:00+00:00,20594.6
2015-03-17 05:10:00+00:00,20594.3
2015-03-17 05:11:00+00:00,20594.3
2015-03-17 05:12:00+00:00,20595.0
2015-03-17 05:13:00+00:00,20595.7
2015-03-17 05:14:00+00:00,20595.9
2015-03-17 05:15:00+00:00,20594.6
2015-03-17 05:16:00+00:00,20592.3
2015-03-17 05:17:00+00:00,20591.7
2015-03-17 05:18:00+00:00,20591.4
2015-03-17 05:19:00+00:00,20590.6
2015-03-17 05:20:00+00:00,20591.6
2015-03-17 05:21:00+00:00,20594.1
2015-03-17 05:22:00+00:00,20588.4
2015-03-17 05:23:00+00:00,20585.1
2015-03-17 05:24:00+00:00,20581.8
2015-03-17 05:25:00+00:00,20582.2
2015-03-17 05:26:00+00:00,20583.8
2015-03-17 05:27:00+00:00,20583.7
2015-03-17 05:28:00+00:00,20584.2
2015-03-17 05:29:00+00:00,20585.9
2015-03-17 05:30:00+00:00,20584.9
2015-03-17 05:31:00+00:00,20583.9
2015-03-17 05:32:00+00:00,20584.4
2015-03-17 05:33:00+00:00,20584.5
2015-03-17 05:34:00+00:00,20584.7
2015-03-17 05:35:00+00:00,20584.3
2015-03-17 05:36:00+00:00,20586.7
2015-03-17 05:37:00+00:00,20587.9
2015-03-17 05:38:00+00:00,20588.1
2015-03-17 05:39:00+00:00,20588.9
2015-03-17 05:40:00+00:00,20586.4
2015-03-17 05:41:00+00:00,20583.0
2015-03-17 05:42:00+00:00,20581.2
2015-03-17 05:43:00+00:00,20584.7
2015-03-17 05:44:00+00:00,20589.3
2015-03-17 05:45:00+00:00,20590.9
2015-03-17 05:46:00+00:00,20589.4
2015-03-17 05:47:00+00:00,20589.5
2015-03-17 05:48:00+00:00,20593.0
2015-03-17 05:49:00+00:00,20592.3
2015-03-17 05:50:00+00:00,20593.0
2015-03-17 05:51:00+00:00,20594.7
2015-03-17 05:52:00+00:00,20597.3
2015-03-17 05:53:00+00:00,20594.2
2015-03-17 05:54:00+00:00,20588.0
2015-03-17 05:55:00+00:00,20585.4
2015-03-17 05:56:00+00:00,20582.7
2015-03-17 05:57:00+00:00,20579.4
2015-03-17 05:58:00+00:00,20579.7
2015-03-17 05:59:00+00:00,20583.7
2015-03-17 06:00:00+00:00,20586.3
2015-03-17 06:01:00+00:00,20584.4
2015-03-17 06:02:00+00:00,20580.3
2015-03-17 06:03:00+00:00,20580.4
2015-03-17 06:04:00+00:00,20581.0
2015-03-17 06:05:00+00:00,20582.5
2015-03-17 06:06:00+00:00,20583.3
2015-03-17 06:07:00+00:00,20584.5
2015-03-17 06:08:00+00:00,20585.4
2015-03-17 06:09:00+00:00,20586.4
2015-03-17 06:10:00+00:00,20588.0
2015-03-17 06:11:00+00:00,20586.7
2015-03-17 06:12:00+00:00,20586.4
2015-03-17 06:13:00+00:00,20588.3
2015-03-17 06:14:00+00:00,20590.5
2015-03-17 06:15:00+00:00,20590.0
2015-03-17 06:16:00+00:00,20591.2
2015-03-17 06:17:00+00:00,20597.8
2015-03-17 06:18:00+00:00,20601.0
2015-03-17 06:19:00+00:00,20604.5
2015-03-17 06:20:00+00:00,20604.2
2015-03-17 06:21:00+00:00,20604.6
2015-03-17 06:22:00+00:00,20607.2
2015-03-17 06:23:00+00:00,20607.7
2015-03-17 06:24:00+00:00,20606.6
2015-03-17 06:25:00+00:00,20605.8
2015-03-17 06:26:00+00:00,20604.3
2015-03-17 06:27:00+00:00,20603.2
2015-03-17 06:28:00+00:00,20601.4
2015-03-17 06:29:00+00:00,20599.7
2015-03-17 06:30:00+00:00,20598.3
2015-03-17 06:31:00+00:00,20596.1
2015-03-17 06:32:00+00:00,20594.7
2015-03-17 06:33:00+00:00,20595.0
2015-03-17 06:34:00+00:00,20592.0
2015-03-17 06:35:00+00:00,20588.0
2015-03-17 06:36:00+00:00,20583.6
2015-03-17 06:37:00+00:00,20581.9
2015-03-17 06:38:00+00:00,20579.9
2015-03-17 06:39:00+00:00,20577.2
2015-03-17 06:40:00+00:00,20572.8
2015-03-17 06:41:00+00:00,20570.0
2015-03-17 06:42:00+00:00,20567.3
2015-03-17 06:43:00+00:00,20565.7
2015-03-17 06:44:00+00:00,20563.4
2015-03-17 06:45:00+00:00,20560.0
2015-03-17 06:46:00+00:00,20559.1
2015-03-17 06:47:00+00:00,20558.7
2015-03-17 06:48:00+00:00,20555.7
2015-03-17 06:49:00+00:00,20551.1
2015-03-17 06:50:00+00:00,20548.5
2015-03-17 06:51:00+00:00,20552.0
2015-03-17 06:52:00+00:00,20551.7
2015-03-17 06:53:00+00:00,20545.3
2015-03-17 06:54:00+00:00,20540.8
2015-03-17 06:55:00+00:00,20538.6
2015-03-17 06:56:00+00:00,20538.9
2015-03-17 06:57:00+00:00,20536.9
2015-03-17 06:58:00+00:00,20532.4
2015-03-17 06:59:00+00:00,20529.1
2015-03-17 07:00:00+00:00,20526.5
2015-03-17 07:01:00+00:00,20521.5
2015-03-17 07:02:00+00:00,20522.1
2015-03-17 07:03:00+00:00,20523.0
2015-03-17 07:04:00+00:00,20523.4
2015-03-17 07:05:00+00:00,20525.8
2015-03-17 07:06:00+00:00,20525.0
2015-03-17 07:07:00+00:00,20523.8
2015-03-17 07:08:00+00:00,20522.7
2015-03-17 07:09:00+00:00,20521.8
2015-03-17 07:10:00+00:00,20520.1
2015-03-17 07:11:00+00:00,20520.5
2015-03-17 07:12:00+00:00,20519.9
2015-03-17 07:13:00+00:00,20518.0
2015-03-17 07:14:00+00:00,20516.6
2015-03-17 07:15:00+00:00,20516.2
2015-03-17 07:16:00+00:00,20517.6
2015-03-17 07:17:00+00:00,20518.3
2015-03-17 07:18:00+00:00,20519.7
2015-03-17 07:19:00+00:00,20522.3
2015-03-17 07:20:00+00:00,20523.8
2015-03-17 07:21:00+00:00,20523.9
2015-03-17 07:22:00+00:00,20523.7
2015-03-17 07:23:00+00:00,20523.4
2015-03-17 07:24:00+00:00,20523.5
2015-03-17 07:25:00+00:00,20522.8
2015-03-17 07:26:00+00:00,20522.9
2015-03-17 07:27:00+00:00,20522.7
2015-03-17 07:28:00+00:00,20521.3
2015-03-17 07:29:00+00:00,20520.4
2015-03-17 07:30:00+00:00,20517.9
2015-03-17 07:31:00+00:00,20515.4
2015-03-17 07:32:00+00:00,20515.2
2015-03-17 07:33:00+00:00,20513.3
2015-03-17 07:34:00+00:00,20509.1
2015-03-17 07:35:00+00:00,20502.5
2015-03-17 07:36:00+00:00,20500.4
2015-03-17 07:37:00+00:00,20499.1
2015-03-17 07:38:00+00:00,20498.5
2015-03-17 07:39:00+00:00,20500.4
2015-03-17 07:40:00+00:00,20501.6
2015-03-17 07:41:00+00:00,20505.8
2015-03-17 07:42:00+00:00,20506.6
2015-03-17 07:43:00+00:00,20508.9
2015-03-17 07:44:00+00:00,20511.3
2015-03-17 07:45:00+00:00,20515.7
2015-03-17 07:46:00+00:00,20519.6
2015-03-17 07:47:00+00:00,20522.7
2015-03-17 07:48:00+00:00,20522.4
2015-03-17 07:49:00+00:00,20522.6
2015-03-17 07:50:00+00:00,20525.6
2015-03-17 07:51:00+00:00,20528.8
2015-03-17 07:52:00+00:00,20528.1
2015-03-17 07:53:00+00:00,20528.9
2015-03-17 07:54:00+00:00,20528.7
2015-03-17 07:55:00+00:00,20531.0
2015-03-17 07:56:00+00:00,20533.4
2015-03-17 07:57:00+00:00,20532.6
2015-03-17 07:58:00+00:00,20530.2
2015-03-17 07:59:00+00:00,20528.7
2015-03-17 08:00:00+00:00,20527.8
2015-03-17 08:01:00+00:00,20525.9
2015-03-17 08:02:00+00:00,20522.9
2015-03-17 08:03:00+00:00,20520.1
2015-03-17 08:04:00+00:00,20518.5
2015-03-17 08:05:00+00:00,20516.1
2015-03-17 08:06:00+00:00,20514.2
2015-03-17 08:07:00+00:00,20514.3
2015-03-17 08:08:00+00:00,20515.5
2015-03-17 08:09:00+00:00,20516.8
2015-03-17 08:10:00+00:00,20516.7
2015-03-17 08:11:00+00:00,20515.1
2015-03-17 08:12:00+00:00,20515.7
2015-03-17 08:13:00+00:00,20517.4
2015-03-17 08:14:00+00:00,20520.0
2015-03-17 08:15:00+00:00,20521.7
2015-03-17 08:16:00+00:00,20522.5
2015-03-17 08:17:00+00:00,20523.4
2015-03-17 08:18:00+00:00,20524.3
2015-03-17 08:19:00+00:00,20524.7
2015-03-17 08:20:00+00:00,20524.5
2015-03-17 08:21:00+00:00,20524.7
2015-03-17 08:22:00+00:00,20523.8
2015-03-17 08:23:00+00:00,20523.3
2015-03-17 08:24:00+00:00,20522.8
2015-03-17 08:25:00+00:00,20520.6
2015-03-17 08:26:00+00:00,20519.2
2015-03-17 08:27:00+00:00,20516.6
2015-03-17 08:28:00+00:00,20513.9
2015-03-17 08:29:00+00:00,20512.4
2015-03-17 08:30:00+00:00,20511.8
2015-03-17 08:31:00+00:00,20512.5
2015-03-17 08:32:00+00:00,20510.7
2015-03-17 08:33:00+00:00,20509.2
2015-03-17 08:34:00+00:00,20506.5
2015-03-17 08:35:00+00:00,20502.2
2015-03-17 08:36:00+00:00,20497.6
2015-03-17 08:37:00+00:00,20492.5
2015-03-17 08:38:00+00:00,20488.0
2015-03-17 08:39:00+00:00,20484.1
2015-03-17 08:40:00+00:00,20481.0
2015-03-17 08:41:00+00:00,20477.1
2015-03-17 08:42:00+00:00,20474.8
2015-03-17 08:43:00+00:00,20472.9
2015-03-17 08:44:00+00:00,20473.5
2015-03-17 08:45:00+00:00,20473.7
2015-03-17 08:46:00+00:00,20474.1
2015-03-17 08:47:00+00:00,20474.2
2015-03-17 08:48:00+00:00,20473.9
2015-03-17 08:49:00+00:00,20473.5
2015-03-17 08:50:00+00:00,20473.9
2015-03-17 08:51:00+00:00,20472.2
2015-03-17 08:52:00+00:00,20469.8
2015-03-17 08:53:00+00:00,20465.8
2015-03-17 08:54:00+00:00,20462.0
2015-03-17 08:55:00+00:00,20461.3
2015-03-17 08:56:00+00:00,20459.9
2015-03-17 08:57:00+00:00,20458.6
2015-03-17 08:58:00+00:00,20456.0
2015-03-17 08:59:00+00:00,20456.0
2015-03-17 09:00:00+00:00,20457.5
2015-03-17 09:01:00+00:00,20459.8
2015-03-17 09:02:00+00:00,20460.9
2015-03-17 09:03:00+00:00,20461.2
2015-03-17 09:04:00+00:00,20461.9
2015-03-17 09:05:00+00:00,20458.2
2015-03-17 09:06:00+00:00,20455.5
2015-03-17 09:07:00+00:00,20452.8
2015-03-17 09:08:00+00:00,20450.8
2015-03-17 09:09:00+00:00,20448.6
2015-03-17 09:10:00+00:00,20446.0
2015-03-17 09:11:00+00:00,20444.0
2015-03-17 09:12:00+00:00,20444.0
2015-03-17 09:13:00+00:00,20444.2
2015-03-17 09:14:00+00:00,20442.7
2015-03-17 09:15:00+00:00,20441.5
2015-03-17 09:16:00+00:00,20441.2
2015-03-17 09:17:00+00:00,20441.7
2015-03-17 09:18:00+00:00,20440.7
2015-03-17 09:19:00+00:00,20439.2
2015-03-17 09:20:00+00:00,20439.4
2015-03-17 09:21:00+00:00,20440.3
2015-03-17 09:22:00+00:00,20440.1
2015-03-17 09:23:00+00:00,20440.4
2015-03-17 09:24:00+00:00,20440.8
2015-03-17 09:25:00+00:00,20440.0
2015-03-17 09:26:00+00:00,20439.6
2015-03-17 09:27:00+00:00,20441.7
2015-03-17 09:28:00+00:00,20444.4
2015-03-17 09:29:00+00:00,20447.7
2015-03-17 09:30:00+00:00,20452.1
2015-03-17 09:31:00+00:00,20454.4
2015-03-17 09:32:00+00:00,20460.0
2015-03-17 09:33:00+00:00,20463.3
2015-03-17 09:34:00+00:00,20466.9
2015-03-17 09:35:00+00:00,20469.1
2015-03-17 09:36:00+00:00,20470.7
2015-03-17 09:37:00+00:00,20473.7
2015-03-17 09:38:00+00:00,20476.2
2015-03-17 09:39:00+00:00,20478.6
2015-03-17 09:40:00+00:00,20479.7
2015-03-17 09:41:00+00:00,20481.6
2015-03-17 09:42:00+00:00,20484.3
2015-03-17 09:43:00+00:00,20488.9
2015-03-17 09:44:00+00:00,20490.6
2015-03-17 09:45:00+00:00,20486.9
2015-03-17 09:46:00+00:00,20484.7
2015-03-17 09:47:00+00:00,20483.7
2015-03-17 09:48:00+00:00,20483.5
2015-03-17 09:49:00+00:00,20483.3
2015-03-17 09:50:00+00:00,20484.2
2015-03-17 09:51:00+00:00,20485.1
2015-03-17 09:52:00+00:00,20486.6
2015-03-17 09:53:00+00:00,20488.5
2015-03-17 09:54:00+00:00,20490.8
2015-03-17 09:55:00+00:00,20492.4
2015-03-17 09:56:00+00:00,20492.9
2015-03-17 09:57:00+00:00,20492.5
2015-03-17 09:58:00+00:00,20492.2
2015-03-17 09:59:00+00:00,20492.2
2015-03-17 10:00:00+00:00,20492.0
2015-03-17 10:01:00+00:00,20492.6
2015-03-17 10:02:00+00:00,20493.3
2015-03-17 10:03:00+00:00,20494.7
2015-03-17 10:04:00+00:00,20496.3
2015-03-17 10:05:00+00:00,20497.1
2015-03-17 10:06:00+00:00,20497.2
2015-03-17 10:07:00+00:00,20498.2
2015-03-17 10:08:00+00:00,20497.0
2015-03-17 10:09:00+00:00,20496.7
2015-03-17 10:10:00+00:00,20497.7
2015-03-17 10:11:00+00:00,20499.7
2015-03-17 10:12:00+00:00,20500.7
2015-03-17 10:13:00+00:00,20500.6
2015-03-17 10:14:00+00:00,20501.1
2015-03-17 10:15:00+00:00,20500.8
2015-03-17 10:16:00+00:00,20499.9
2015-03-17 10:17:00+00:00,20499.4
2015-03-17 10:18:00+00:00,20500.2
2015-03-17 10:19:00+00:00,20501.9
2015-03-17 10:20:00+00:00,20502.7
2015-03-17 10:21:00+00:00,20501.6
2015-03-17 10:22:00+00:00,20501.7
2015-03-17 10:23:00+00:00,20503.2
2015-03-17 10:24:00+00:00,20502.9
2015-03-17 10:25:00+00:00,20500.4
2015-03-17 10:26:00+00:00,20498.4
2015-03-17 10:27:00+00:00,20498.3
2015-03-17 10:28:00+00:00,20499.0
2015-03-17 10:29:00+00:00,20499.6
2015-03-17 10:30:00+00:00,20500.5
2015-03-17 10:31:00+00:00,20500.8
2015-03-17 10:32:00+00:00,20500.6
2015-03-17 10:33:00+00:00,20501.6
2015-03-17 10:34:00+00:00,20502.7
2015-03-17 10:35:00+00:00,20501.9
2015-03-17 10:36:00+00:00,20501.4
2015-03-17 10:37:00+00:00,20502.4
2015-03-17 10:38:00+00:00,20502.5
2015-03-17 10:39:00+00:00,20501.0
2015-03-17 10:40:00+00:00,20501.0
2015-03-17 10:41:00+00:00,20503.0
2015-03-17 10:42:00+00:00,20504.7
2015-03-17 10:43:00+00:00,20503.9
2015-03-17 10:44:00+00:00,20503.7
2015-03-17 10:45:00+00:00,20502.4
2015-03-17 10:46:00+00:00,20502.4
2015-03-17 10:47:00+00:00,20502.1
2015-03-17 10:48:00+00:00,20502.4
2015-03-17 10:49:00+00:00,20503.5
2015-03-17 10:50:00+00:00,20504.8
2015-03-17 10:51:00+00:00,20505.7
2015-03-17 10:52:00+00:00,20507.6
2015-03-17 10:53:00+00:00,20508.6
2015-03-17 10:54:00+00:00,20506.6
2015-03-17 10:55:00+00:00,20504.7
2015-03-17 10:56:00+00:00,20500.5
2015-03-17 10:57:00+00:00,20499.4
2015-03-17 10:58:00+00:00,20498.7
2015-03-17 10:59:00+00:00,20500.9
2015-03-17 11:00:00+00:00,20503.8
2015-03-17 11:01:00+00:00,20506.5
2015-03-17 11:02:00+00:00,20508.7
2015-03-17 11:03:00+00:00,20510.2
2015-03-17 11:04:00+00:00,20511.4
2015-03-17 11:05:00+00:00,20511.0
2015-03-17 11:06:00+00:00,20509.6
2015-03-17 11:07:00+00:00,20505.9
2015-03-17 11:08:00+00:00,20503.5
2015-03-17 11:09:00+00:00,20502.7
2015-03-17 11:10:00+00:00,20502.1
2015-03-17 11:11:00+00:00,20501.0
2015-03-17 11:12:00+00:00,20500.9
2015-03-17 11:13:00+00:00,20502.5
2015-03-17 11:14:00+00:00,20505.3
2015-03-17 11:15:00+00:00,20508.5
2015-03-17 11:16:00+00:00,20511.5
2015-03-17 11:17:00+00:00,20512.4
2015-03-17 11:18:00+00:00,20508.7
2015-03-17 11:19:00+00:00,20505.1
2015-03-17 11:20:00+00:00,20504.9
2015-03-17 11:21:00+00:00,20506.8
2015-03-17 11:22:00+00:00,20508.4
2015-03-17 11:23:00+00:00,20508.5
2015-03-17 11:24:00+00:00,20508.1
2015-03-17 11:25:00+00:00,20506.9
2015-03-17 11:26:00+00:00,20508.6
2015-03-17 11:27:00+00:00,20509.6
2015-03-17 11:28:00+00:00,20510.5
2015-03-17 11:29:00+00:00,20511.8
2015-03-17 11:30:00+00:00,20514.1
2015-03-17 11:31:00+00:00,20515.5
2015-03-17 11:32:00+00:00,20518.1
2015-03-17 11:33:00+00:00,20517.7
2015-03-17 11:34:00+00:00,20521.6
2015-03-17 11:35:00+00:00,20524.2
2015-03-17 11:36:00+00:00,20525.1
2015-03-17 11:37:00+00:00,20527.5
2015-03-17 11:38:00+00:00,20529.1
2015-03-17 11:39:00+00:00,20528.7
2015-03-17 11:40:00+00:00,20528.0
2015-03-17 11:41:00+00:00,20527.1
2015-03-17 11:42:00+00:00,20528.1
2015-03-17 11:43:00+00:00,20528.6
2015-03-17 11:44:00+00:00,20527.1
2015-03-17 11:45:00+00:00,20526.3
2015-03-17 11:46:00+00:00,20523.3
2015-03-17 11:47:00+00:00,20526.0
2015-03-17 11:48:00+00:00,20523.0
2015-03-17 11:49:00+00:00,20522.2
2015-03-17 11:50:00+00:00,20522.7
2015-03-17 11:51:00+00:00,20521.9
2015-03-17 11:52:00+00:00,20523.5
2015-03-17 11:53:00+00:00,20524.9
2015-03-17 11:54:00+00:00,20524.4
2015-03-17 11:55:00+00:00,20522.6
2015-03-17 11:56:00+00:00,20524.4
2015-03-17 11:57:00+00:00,20525.8
2015-03-17 11:58:00+00:00,20525.3
2015-03-17 11:59:00+00:00,20521.3
2015-03-17 12:00:00+00:00,20519.9
2015-03-17 12:01:00+00:00,20520.9
2015-03-17 12:02:00+00:00,20523.1
2015-03-17 12:03:00+00:00,20527.4
2015-03-17 12:04:00+00:00,20528.0
2015-03-17 12:05:00+00:00,20527.4
2015-03-17 12:06:00+00:00,20530.5
2015-03-17 12:07:00+00:00,20530.0
2015-03-17 12:08:00+00:00,20525.3
2015-03-17 12:09:00+00:00,20516.5
2015-03-17 12:10:00+00:00,20511.4
2015-03-17 12:11:00+00:00,20519.8
2015-03-17 12:12:00+00:00,20537.4
2015-03-17 12:13:00+00:00,20537.7
2015-03-17 12:14:00+00:00,20532.6
2015-03-17 12:15:00+00:00,20535.4
2015-03-17 12:16:00+00:00,20541.1
2015-03-17 12:17:00+00:00,20540.6
2015-03-17 12:18:00+00:00,20536.2
2015-03-17 12:19:00+00:00,20534.4
2015-03-17 12:20:00+00:00,20534.2
2015-03-17 12:21:00+00:00,20534.8
2015-03-17 12:22:00+00:00,20536.0
2015-03-17 12:23:00+00:00,20539.7
2015-03-17 12:24:00+00:00,20542.3
2015-03-17 12:25:00+00:00,20543.7
2015-03-17 12:26:00+00:00,20546.9
2015-03-17 12:27:00+00:00,20545.7
2015-03-17 12:28:00+00:00,20545.5
2015-03-17 12:29:00+00:00,20546.7
2015-03-17 12:30:00+00:00,20545.2
2015-03-17 12:31:00+00:00,20544.9
2015-03-17 12:32:00+00:00,20538.2
2015-03-17 12:33:00+00:00,20532.8
2015-03-17 12:34:00+00:00,20534.0
2015-03-17 12:35:00+00:00,20541.2
2015-03-17 12:36:00+00:00,20546.3
2015-03-17 12:37:00+00:00,20544.2
2015-03-17 12:38:00+00:00,20542.3
2015-03-17 12:39:00+00:00,20542.1
2015-03-17 12:40:00+00:00,20545.2
2015-03-17 12:41:00+00:00,20543.4
2015-03-17 12:42:00+00:00,20540.2
2015-03-17 12:43:00+00:00,20537.9
2015-03-17 12:44:00+00:00,20537.3
2015-03-17 12:45:00+00:00,20535.6
2015-03-17 12:46:00+00:00,20538.0
2015-03-17 12:47:00+00:00,20538.6
2015-03-17 12:48:00+00:00,20535.5
2015-03-17 12:49:00+00:00,20534.4
2015-03-17 12:50:00+00:00,20535.2
2015-03-17 12:51:00+00:00,20537.4
2015-03-17 12:52:00+00:00,20538.7
2015-03-17 12:53:00+00:00,20535.6
2015-03-17 12:54:00+00:00,20532.2
2015-03-17 12:55:00+00:00,20530.2
2015-03-17 12:56:00+00:00,20528.4
2015-03-17 12:57:00+00:00,20530.0
2015-03-17 12:58:00+00:00,20526.9
2015-03-17 12:59:00+00:00,20523.6
2015-03-17 13:00:00+00:00,20521.8
2015-03-17 13:01:00+00:00,20518.9
2015-03-17 13:02:00+00:00,20516.0
2015-03-17 13:03:00+00:00,20513.9
2015-03-17 13:04:00+00:00,20513.4
2015-03-17 13:05:00+00:00,20515.6
2015-03-17 13:06:00+00:00,20512.2
2015-03-17 13:07:00+00:00,20507.0
2015-03-17 13:08:00+00:00,20506.9
2015-03-17 13:09:00+00:00,20505.7
2015-03-17 13:10:00+00:00,20502.4
2015-03-17 13:11:00+00:00,20501.5
2015-03-17 13:12:00+00:00,20501.8
2015-03-17 13:13:00+00:00,20497.9
2015-03-17 13:14:00+00:00,20497.1
2015-03-17 13:15:00+00:00,20495.4
2015-03-17 13:16:00+00:00,20494.7
2015-03-17 13:17:00+00:00,20491.1
2015-03-17 13:18:00+00:00,20489.4
2015-03-17 13:19:00+00:00,20492.2
2015-03-17 13:20:00+00:00,20491.5
2015-03-17 13:21:00+00:00,20490.7
2015-03-17 13:22:00+00:00,20491.3
2015-03-17 13:23:00+00:00,20495.4
2015-03-17 13:24:00+00:00,20497.8
2015-03-17 13:25:00+00:00,20498.0
2015-03-17 13:26:00+00:00,20497.4
2015-03-17 13:27:00+00:00,20502.6
2015-03-17 13:28:00+00:00,20515.7
2015-03-17 13:29:00+00:00,20533.4
2015-03-17 13:30:00+00:00,20531.7
2015-03-17 13:31:00+00:00,20516.5
2015-03-17 13:32:00+00:00,20522.4
2015-03-17 13:33:00+00:00,20532.4
2015-03-17 13:34:00+00:00,20534.5
2015-03-17 13:35:00+00:00,20535.4
2015-03-17 13:36:00+00:00,20541.2
2015-03-17 13:37:00+00:00,20540.7
2015-03-17 13:38:00+00:00,20560.5
2015-03-17 13:39:00+00:00,20557.8
2015-03-17 13:40:00+00:00,20552.0
2015-03-17 13:41:00+00:00,20557.6
2015-03-17 13:42:00+00:00,20563.1
2015-03-17 13:43:00+00:00,20567.3
2015-03-17 13:44:00+00:00,20568.7
2015-03-17 13:45:00+00:00,20573.9
2015-03-17 13:46:00+00:00,20576.9
2015-03-17 13:47:00+00:00,20577.1
2015-03-17 13:48:00+00:00,20582.3
2015-03-17 13:49:00+00:00,20585.7
2015-03-17 13:50:00+00:00,20598.2
2015-03-17 13:51:00+00:00,20602.8
2015-03-17 13:52:00+00:00,20607.5
2015-03-17 13:53:00+00:00,20614.3
2015-03-17 13:54:00+00:00,20616.7
2015-03-17 13:55:00+00:00,20600.2
2015-03-17 13:56:00+00:00,20596.3
2015-03-17 13:57:00+00:00,20603.3
2015-03-17 13:58:00+00:00,20601.5
2015-03-17 13:59:00+00:00,20596.9
2015-03-17 14:00:00+00:00,20592.8
2015-03-17 14:01:00+00:00,20583.0
2015-03-17 14:02:00+00:00,20583.9
2015-03-17 14:03:00+00:00,20590.4
2015-03-17 14:04:00+00:00,20584.2
2015-03-17 14:05:00+00:00,20580.9
2015-03-17 14:06:00+00:00,20579.9
2015-03-17 14:07:00+00:00,20595.5
2015-03-17 14:08:00+00:00,20591.7
2015-03-17 14:09:00+00:00,20577.4
2015-03-17 14:10:00+00:00,20578.2
2015-03-17 14:11:00+00:00,20568.8
2015-03-17 14:12:00+00:00,20564.2
2015-03-17 14:13:00+00:00,20564.3
2015-03-17 14:14:00+00:00,20555.4
2015-03-17 14:15:00+00:00,20554.6
2015-03-17 14:16:00+00:00,20554.8
2015-03-17 14:17:00+00:00,20555.7
2015-03-17 14:18:00+00:00,20547.0
2015-03-17 14:19:00+00:00,20545.9
2015-03-17 14:20:00+00:00,20554.6
2015-03-17 14:21:00+00:00,20556.4
2015-03-17 14:22:00+00:00,20554.7
2015-03-17 14:23:00+00:00,20552.8
2015-03-17 14:24:00+00:00,20553.0
2015-03-17 14:25:00+00:00,20557.9
2015-03-17 14:26:00+00:00,20560.1
2015-03-17 14:27:00+00:00,20557.0
2015-03-17 14:28:00+00:00,20563.0
2015-03-17 14:29:00+00:00,20570.1
2015-03-17 14:30:00+00:00,20567.8
2015-03-17 14:31:00+00:00,20562.9
2015-03-17 14:32:00+00:00,20568.3
2015-03-17 14:33:00+00:00,20564.6
2015-03-17 14:34:00+00:00,20563.7
2015-03-17 14:35:00+00:00,20564.7
2015-03-17 14:36:00+00:00,20562.7
2015-03-17 14:37:00+00:00,20559.3
2015-03-17 14:38:00+00:00,20563.4
2015-03-17 14:39:00+00:00,20565.5
2015-03-17 14:40:00+00:00,20571.4
2015-03-17 14:41:00+00:00,20565.3
2015-03-17 14:42:00+00:00,20545.8
2015-03-17 14:43:00+00:00,20537.1
2015-03-17 14:44:00+00:00,20535.8
2015-03-17 14:45:00+00:00,20532.6
2015-03-17 14:46:00+00:00,20531.8
2015-03-17 14:47:00+00:00,20528.8
2015-03-17 14:48:00+00:00,20531.8
2015-03-17 14:49:00+00:00,20537.0
2015-03-17 14:50:00+00:00,20538.1
2015-03-17 14:51:00+00:00,20538.7
2015-03-17 14:52:00+00:00,20537.5
2015-03-17 14:53:00+00:00,20532.7
2015-03-17 14:54:00+00:00,20535.9
2015-03-17 14:55:00+00:00,20531.5
2015-03-17 14:56:00+00:00,20531.2
2015-03-17 14:57:00+00:00,20531.3
2015-03-17 14:58:00+00:00,20532.9
2015-03-17 14:59:00+00:00,20529.4
2015-03-17 15:00:00+00:00,20527.5
2015-03-17 15:01:00+00:00,20522.1
2015-03-17 15:02:00+00:00,20520.3
2015-03-17 15:03:00+00:00,20517.4
2015-03-17 15:04:00+00:00,20501.1
2015-03-17 15:05:00+00:00,20496.8
2015-03-17 15:06:00+00:00,20509.5
2015-03-17 15:07:00+00:00,20517.7
2015-03-17 15:08:00+00:00,20505.0
2015-03-17 15:09:00+00:00,20498.9
2015-03-17 15:10:00+00:00,20505.8
2015-03-17 15:11:00+00:00,20487.2
2015-03-17 15:12:00+00:00,20482.8
2015-03-17 15:13:00+00:00,20478.9
2015-03-17 15:14:00+00:00,20471.3
2015-03-17 15:15:00+00:00,20468.7
2015-03-17 15:16:00+00:00,20462.6
2015-03-17 15:17:00+00:00,20454.7
2015-03-17 15:18:00+00:00,20448.5
2015-03-17 15:19:00+00:00,20444.8
2015-03-17 15:20:00+00:00,20440.4
2015-03-17 15:21:00+00:00,20430.6
2015-03-17 15:22:00+00:00,20423.9
2015-03-17 15:23:00+00:00,20411.1
2015-03-17 15:24:00+00:00,20404.1
2015-03-17 15:25:00+00:00,20404.8
2015-03-17 15:26:00+00:00,20429.4
2015-03-17 15:27:00+00:00,20478.8
2015-03-17 15:28:00+00:00,20472.5
2015-03-17 15:29:00+00:00,20470.8
2015-03-17 15:30:00+00:00,20467.0
2015-03-17 15:31:00+00:00,20464.0
2015-03-17 15:32:00+00:00,20456.3
2015-03-17 15:33:00+00:00,20443.1
2015-03-17 15:34:00+00:00,20437.1
2015-03-17 15:35:00+00:00,20428.3
2015-03-17 15:36:00+00:00,20423.4
2015-03-17 15:37:00+00:00,20420.6
2015-03-17 15:38:00+00:00,20420.5
2015-03-17 15:39:00+00:00,20418.1
2015-03-17 15:40:00+00:00,20406.5
2015-03-17 15:41:00+00:00,20403.3
2015-03-17 15:42:00+00:00,20396.5
2015-03-17 15:43:00+00:00,20392.9
2015-03-17 15:44:00+00:00,20398.6
2015-03-17 15:45:00+00:00,20402.3
2015-03-17 15:46:00+00:00,20394.9
2015-03-17 15:47:00+00:00,20404.8
2015-03-17 15:48:00+00:00,20412.8
2015-03-17 15:49:00+00:00,20403.0
2015-03-17 15:50:00+00:00,20402.2
2015-03-17 15:51:00+00:00,20403.4
2015-03-17 15:52:00+00:00,20406.0
2015-03-17 15:53:00+00:00,20404.5
2015-03-17 15:54:00+00:00,20400.2
2015-03-17 15:55:00+00:00,20395.6
2015-03-17 15:56:00+00:00,20406.0
2015-03-17 15:57:00+00:00,20403.4
2015-03-17 15:58:00+00:00,20399.7
2015-03-17 15:59:00+00:00,20403.0
2015-03-17 16:00:00+00:00,20404.1
2015-03-17 16:01:00+00:00,20409.0
2015-03-17 16:02:00+00:00,20399.7
2015-03-17 16:03:00+00:00,20390.3
2015-03-17 16:04:00+00:00,20387.1
2015-03-17 16:05:00+00:00,20396.6
2015-03-17 16:06:00+00:00,20408.2
2015-03-17 16:07:00+00:00,20412.7
2015-03-17 16:08:00+00:00,20405.3
2015-03-17 16:09:00+00:00,20407.1
2015-03-17 16:10:00+00:00,20409.2
2015-03-17 16:11:00+00:00,20411.1
2015-03-17 16:12:00+00:00,20409.6
2015-03-17 16:13:00+00:00,20401.2
2015-03-17 16:14:00+00:00,20398.1
2015-03-17 16:15:00+00:00,20396.6
2015-03-17 16:16:00+00:00,20392.1
2015-03-17 16:17:00+00:00,20391.0
2015-03-17 16:18:00+00:00,20390.8
2015-03-17 16:19:00+00:00,20394.9
2015-03-17 16:20:00+00:00,20396.6
2015-03-17 16:21:00+00:00,20397.6
2015-03-17 16:22:00+00:00,20403.3
2015-03-17 16:23:00+00:00,20403.0
2015-03-17 16:24:00+00:00,20407.9
2015-03-17 16:25:00+00:00,20407.7
2015-03-17 16:26:00+00:00,20405.9
2015-03-17 16:27:00+00:00,20403.2
2015-03-17 16:28:00+00:00,20408.3
2015-03-17 16:29:00+00:00,20418.6
2015-03-17 16:30:00+00:00,20418.8
2015-03-17 16:31:00+00:00,20422.1
2015-03-17 16:32:00+00:00,20426.7
2015-03-17 16:33:00+00:00,20420.4
2015-03-17 16:34:00+00:00,20414.3
2015-03-17 16:35:00+00:00,20411.6
2015-03-17 16:36:00+00:00,20413.8
2015-03-17 16:37:00+00:00,20412.0
2015-03-17 16:38:00+00:00,20407.4
2015-03-17 16:39:00+00:00,20413.0
2015-03-17 16:40:00+00:00,20411.7
2015-03-17 16:41:00+00:00,20412.8
2015-03-17 16:42:00+00:00,20412.3
2015-03-17 16:43:00+00:00,20410.6
2015-03-17 16:44:00+00:00,20405.1
2015-03-17 16:45:00+00:00,20405.0
2015-03-17 16:46:00+00:00,20404.5
2015-03-17 16:47:00+00:00,20395.5
2015-03-17 16:48:00+00:00,20413.9
2015-03-17 16:49:00+00:00,20430.6
2015-03-17 16:50:00+00:00,20437.2
2015-03-17 16:51:00+00:00,20441.4
2015-03-17 16:52:00+00:00,20446.1
2015-03-17 16:53:00+00:00,20437.9
2015-03-17 16:54:00+00:00,20440.0
2015-03-17 16:55:00+00:00,20444.5
2015-03-17 16:56:00+00:00,20445.8
2015-03-17 16:57:00+00:00,20446.0
2015-03-17 16:58:00+00:00,20448.9
2015-03-17 16:59:00+00:00,20446.6
2015-03-17 17:00:00+00:00,20448.6
2015-03-17 17:01:00+00:00,20448.3
2015-03-17 17:02:00+00:00,20438.9
2015-03-17 17:03:00+00:00,20435.3
2015-03-17 17:04:00+00:00,20424.6
2015-03-17 17:05:00+00:00,20426.7
2015-03-17 17:06:00+00:00,20427.4
2015-03-17 17:07:00+00:00,20415.7
2015-03-17 17:08:00+00:00,20413.5
2015-03-17 17:09:00+00:00,20410.9
2015-03-17 17:10:00+00:00,20403.9
2015-03-17 17:11:00+00:00,20394.1
2015-03-17 17:12:00+00:00,20407.5
2015-03-17 17:13:00+00:00,20412.5
2015-03-17 17:14:00+00:00,20419.1
2015-03-17 17:15:00+00:00,20413.9
2015-03-17 17:16:00+00:00,20414.1
2015-03-17 17:17:00+00:00,20406.2
2015-03-17 17:18:00+00:00,20408.3
2015-03-17 17:19:00+00:00,20400.8
2015-03-17 17:20:00+00:00,20391.8
2015-03-17 17:21:00+00:00,20388.2
2015-03-17 17:22:00+00:00,20381.4
2015-03-17 17:23:00+00:00,20377.4
2015-03-17 17:24:00+00:00,20376.5
2015-03-17 17:25:00+00:00,20376.8
2015-03-17 17:26:00+00:00,20375.6
2015-03-17 17:27:00+00:00,20375.6
2015-03-17 17:28:00+00:00,20391.0
2015-03-17 17:29:00+00:00,20401.9
2015-03-17 17:30:00+00:00,20410.8
2015-03-17 17:31:00+00:00,20409.8
2015-03-17 17:32:00+00:00,20416.0
2015-03-17 17:33:00+00:00,20412.2
2015-03-17 17:34:00+00:00,20403.6
2015-03-17 17:35:00+00:00,20400.9
2015-03-17 17:36:00+00:00,20397.2
2015-03-17 17:37:00+00:00,20389.9
2015-03-17 17:38:00+00:00,20386.2
2015-03-17 17:39:00+00:00,20377.6
2015-03-17 17:40:00+00:00,20369.4
2015-03-17 17:41:00+00:00,20367.6
2015-03-17 17:42:00+00:00,20369.2
2015-03-17 17:43:00+00:00,20372.2
2015-03-17 17:44:00+00:00,20369.0
2015-03-17 17:45:00+00:00,20370.5
2015-03-17 17:46:00+00:00,20370.2
2015-03-17 17:47:00+00:00,20370.3
2015-03-17 17:48:00+00:00,20369.5
2015-03-17 17:49:00+00:00,20368.9
2015-03-17 17:50:00+00:00,20368.9
2015-03-17 17:51:00+00:00,20371.2
2015-03-17 17:52:00+00:00,20376.0
2015-03-17 17:53:00+00:00,20381.0
2015-03-17 17:54:00+00:00,20387.2
2015-03-17 17:55:00+00:00,20391.8
2015-03-17 17:56:00+00:00,20393.8
2015-03-17 17:57:00+00:00,20394.2
2015-03-17 17:58:00+00:00,20392.1
2015-03-17 17:59:00+00:00,20392.8
2015-03-17 18:00:00+00:00,20391.3
2015-03-17 18:01:00+00:00,20391.6
2015-03-17 18:02:00+00:00,20391.6
2015-03-17 18:03:00+00:00,20391.1
2015-03-17 18:04:00+00:00,20394.4
2015-03-17 18:05:00+00:00,20394.3
2015-03-17 18:06:00+00:00,20394.1
2015-03-17 18:07:00+00:00,20394.2
2015-03-17 18:08:00+00:00,20390.3
2015-03-17 18:09:00+00:00,20390.4
2015-03-17 18:10:00+00:00,20394.2
2015-03-17 18:11:00+00:00,20394.0
2015-03-17 18:12:00+00:00,20393.6
2015-03-17 18:13:00+00:00,20392.6
2015-03-17 18:14:00+00:00,20395.5
2015-03-17 18:15:00+00:00,20394.8
2015-03-17 18:16:00+00:00,20397.2
2015-03-17 18:17:00+00:00,20397.8
2015-03-17 18:18:00+00:00,20396.0
2015-03-17 18:19:00+00:00,20394.3
2015-03-17 18:20:00+00:00,20393.3
2015-03-17 18:21:00+00:00,20393.0
2015-03-17 18:22:00+00:00,20398.4
2015-03-17 18:23:00+00:00,20399.8
2015-03-17 18:24:00+00:00,20401.2
2015-03-17 18:25:00+00:00,20398.8
2015-03-17 18:26:00+00:00,20401.8
2015-03-17 18:27:00+00:00,20405.3
2015-03-17 18:28:00+00:00,20407.4
2015-03-17 18:29:00+00:00,20410.1
2015-03-17 18:30:00+00:00,20415.4
2015-03-17 18:31:00+00:00,20419.6
2015-03-17 18:32:00+00:00,20423.2
2015-03-17 18:33:00+00:00,20428.5
2015-03-17 18:34:00+00:00,20427.8
2015-03-17 18:35:00+00:00,20427.8
2015-03-17 18:36:00+00:00,20431.5
2015-03-17 18:37:00+00:00,20435.2
2015-03-17 18:38:00+00:00,20440.5
2015-03-17 18:39:00+00:00,20445.6
2015-03-17 18:40:00+00:00,20444.2
2015-03-17 18:41:00+00:00,20444.1
2015-03-17 18:42:00+00:00,20443.8
2015-03-17 18:43:00+00:00,20442.6
2015-03-17 18:44:00+00:00,20440.3
2015-03-17 18:45:00+00:00,20438.7
2015-03-17 18:46:00+00:00,20438.9
2015-03-17 18:47:00+00:00,20439.0
2015-03-17 18:48:00+00:00,20438.8
2015-03-17 18:49:00+00:00,20440.4
2015-03-17 18:50:00+00:00,20440.8
2015-03-17 18:51:00+00:00,20441.0
2015-03-17 18:52:00+00:00,20439.3
2015-03-17 18:53:00+00:00,20437.6
2015-03-17 18:54:00+00:00,20441.7
2015-03-17 18:55:00+00:00,20444.0
2015-03-17 18:56:00+00:00,20443.3
2015-03-17 18:57:00+00:00,20438.0
2015-03-17 18:58:00+00:00,20439.5
2015-03-17 18:59:00+00:00,20440.5
2015-03-17 19:00:00+00:00,20440.0
2015-03-17 19:01:00+00:00,20435.0
2015-03-17 19:02:00+00:00,20434.7
2015-03-17 19:03:00+00:00,20439.7
2015-03-17 19:04:00+00:00,20439.5
2015-03-17 19:05:00+00:00,20434.7
2015-03-17 19:06:00+00:00,20429.9
2015-03-17 19:07:00+00:00,20435.1
2015-03-17 19:08:00+00:00,20427.4
2015-03-17 19:09:00+00:00,20427.4
2015-03-17 19:10:00+00:00,20426.4
2015-03-17 19:11:00+00:00,20429.5
2015-03-17 19:12:00+00:00,20427.8
2015-03-17 19:13:00+00:00,20426.3
2015-03-17 19:14:00+00:00,20426.7
2015-03-17 19:15:00+00:00,20429.0
2015-03-17 19:16:00+00:00,20430.7
2015-03-17 19:17:00+00:00,20431.1
2015-03-17 19:18:00+00:00,20431.2
2015-03-17 19:19:00+00:00,20430.6
2015-03-17 19:20:00+00:00,20430.5
2015-03-17 19:21:00+00:00,20429.1
2015-03-17 19:22:00+00:00,20429.3
2015-03-17 19:23:00+00:00,20430.9
2015-03-17 19:24:00+00:00,20429.7
2015-03-17 19:25:00+00:00,20430.3
2015-03-17 19:26:00+00:00,20431.6
2015-03-17 19:27:00+00:00,20428.8
2015-03-17 19:28:00+00:00,20425.4
2015-03-17 19:29:00+00:00,20419.0
2015-03-17 19:30:00+00:00,20423.0
2015-03-17 19:31:00+00:00,20427.7
2015-03-17 19:32:00+00:00,20431.8
2015-03-17 19:33:00+00:00,20433.3
2015-03-17 19:34:00+00:00,20433.8
2015-03-17 19:35:00+00:00,20434.0
2015-03-17 19:36:00+00:00,20432.1
2015-03-17 19:37:00+00:00,20429.8
2015-03-17 19:38:00+00:00,20431.3
2015-03-17 19:39:00+00:00,20431.0
2015-03-17 19:40:00+00:00,20430.0
2015-03-17 19:41:00+00:00,20429.5
2015-03-17 19:42:00+00:00,20429.9
2015-03-17 19:43:00+00:00,20428.3
2015-03-17 19:44:00+00:00,20430.4
2015-03-17 19:45:00+00:00,20430.0
2015-03-17 19:46:00+00:00,20426.7
2015-03-17 19:47:00+00:00,20424.9
2015-03-17 19:48:00+00:00,20426.8
2015-03-17 19:49:00+00:00,20434.1
2015-03-17 19:50:00+00:00,20438.9
2015-03-17 19:51:00+00:00,20432.6
2015-03-17 19:52:00+00:00,20426.5
2015-03-17 19:53:00+00:00,20425.9
2015-03-17 19:54:00+00:00,20424.5
2015-03-17 19:55:00+00:00,20423.2
2015-03-17 19:56:00+00:00,20422.3
2015-03-17 19:57:00+00:00,20419.4
2015-03-17 19:58:00+00:00,20419.6
2015-03-17 19:59:00+00:00,20421.0
2015-03-17 20:00:00+00:00,20421.8
2015-03-17 20:01:00+00:00,20418.9
2015-03-17 20:02:00+00:00,20416.0
2015-03-17 20:03:00+00:00,20413.3
2015-03-17 20:04:00+00:00,20414.5
2015-03-17 20:05:00+00:00,20415.0
2015-03-17 20:06:00+00:00,20415.2
2015-03-17 20:07:00+00:00,20415.4
2015-03-17 20:08:00+00:00,20416.1
2015-03-17 20:09:00+00:00,20416.6
2015-03-17 20:10:00+00:00,20416.1
2015-03-17 20:11:00+00:00,20414.6
2015-03-17 20:12:00+00:00,20415.5
2015-03-17 20:13:00+00:00,20415.1
2015-03-17 20:14:00+00:00,20415.6
2015-03-17 20:15:00+00:00,20415.0
2015-03-17 20:16:00+00:00,20417.3
2015-03-17 20:17:00+00:00,20414.5
2015-03-17 20:18:00+00:00,20412.6
2015-03-17 20:19:00+00:00,20410.5
2015-03-17 20:20:00+00:00,20407.8
2015-03-17 20:21:00+00:00,20404.6
2015-03-17 20:22:00+00:00,20400.6
2015-03-17 20:23:00+00:00,20399.5
2015-03-17 20:24:00+00:00,20399.3
2015-03-17 20:25:00+00:00,20398.3
2015-03-17 20:26:00+00:00,20393.7
2015-03-17 20:27:00+00:00,20389.7
2015-03-17 20:28:00+00:00,20389.5
2015-03-17 20:29:00+00:00,20388.8
2015-03-17 20:30:00+00:00,20387.3
2015-03-17 20:31:00+00:00,20385.1
2015-03-17 20:32:00+00:00,20386.9
2015-03-17 20:33:00+00:00,20390.4
2015-03-17 20:34:00+00:00,20397.1
2015-03-17 20:35:00+00:00,20402.4
2015-03-17 20:36:00+00:00,20405.1
2015-03-17 20:37:00+00:00,20407.6
2015-03-17 20:38:00+00:00,20411.5
2015-03-17 20:39:00+00:00,20413.7
2015-03-17 20:40:00+00:00,20412.8
2015-03-17 20:41:00+00:00,20410.1
2015-03-17 20:42:00+00:00,20408.6
2015-03-17 20:43:00+00:00,20407.9
2015-03-17 20:44:00+00:00,20410.2
2015-03-17 20:45:00+00:00,20411.3
2015-03-17 20:46:00+00:00,20411.8
2015-03-17 20:47:00+00:00,20419.8
2015-03-17 20:48:00+00:00,20424.9
2015-03-17 20:49:00+00:00,20427.7
2015-03-17 20:50:00+00:00,20429.0
2015-03-17 20:51:00+00:00,20427.3
2015-03-17 20:52:00+00:00,20424.0
2015-03-17 20:53:00+00:00,20424.7
2015-03-17 20:54:00+00:00,20425.3
2015-03-17 20:55:00+00:00,20422.3
2015-03-17 20:56:00+00:00,20420.0
2015-03-17 20:57:00+00:00,20424.4
2015-03-17 20:58:00+00:00,20424.6
2015-03-17 20:59:00+00:00,20423.8
2015-03-17 21:00:00+00:00,20421.0
2015-03-17 21:01:00+00:00,20417.5
2015-03-17 21:02:00+00:00,20411.5
2015-03-17 21:03:00+00:00,20412.0
2015-03-17 21:04:00+00:00,20413.4
2015-03-17 21:05:00+00:00,20420.7
2015-03-17 21:06:00+00:00,20424.9
2015-03-17 21:07:00+00:00,20423.5
2015-03-17 21:08:00+00:00,20420.3
2015-03-17 21:09:00+00:00,20418.2
2015-03-17 21:10:00+00:00,20412.5
2015-03-17 21:11:00+00:00,20406.8
2015-03-17 21:12:00+00:00,20405.0
2015-03-17 21:13:00+00:00,20403.4
2015-03-17 21:14:00+00:00,20398.0
2015-03-17 21:15:00+00:00,20395.4
2015-03-17 21:16:00+00:00,20395.4
2015-03-17 21:17:00+00:00,20396.5
2015-03-17 21:18:00+00:00,20394.8
2015-03-17 21:19:00+00:00,20396.7
2015-03-17 21:20:00+00:00,20403.2
2015-03-17 21:21:00+00:00,20406.6
2015-03-17 21:22:00+00:00,20408.1
2015-03-17 21:23:00+00:00,20409.3
2015-03-17 21:24:00+00:00,20407.2
2015-03-17 21:25:00+00:00,20409.8
2015-03-17 21:26:00+00:00,20410.9
2015-03-17 21:27:00+00:00,20415.4
2015-03-17 21:28:00+00:00,20418.2
2015-03-17 21:29:00+00:00,20419.4
2015-03-17 21:30:00+00:00,20423.1
2015-03-17 21:31:00+00:00,20428.4
2015-03-17 21:32:00+00:00,20430.8
2015-03-17 21:33:00+00:00,20429.7
2015-03-17 21:34:00+00:00,20428.9
2015-03-17 21:35:00+00:00,20431.4
2015-03-17 21:36:00+00:00,20432.8
2015-03-17 21:37:00+00:00,20430.8
2015-03-17 21:38:00+00:00,20429.3
2015-03-17 21:39:00+00:00,20425.5
2015-03-17 21:40:00+00:00,20424.7
2015-03-17 21:41:00+00:00,20421.0
2015-03-17 21:42:00+00:00,20420.0
2015-03-17 21:43:00+00:00,20418.2
2015-03-17 21:44:00+00:00,20418.0
2015-03-17 21:45:00+00:00,20418.5
2015-03-17 21:46:00+00:00,20421.8
2015-03-17 21:47:00+00:00,20419.9
2015-03-17 21:48:00+00:00,20417.7
2015-03-17 21:49:00+00:00,20415.2
2015-03-17 21:50:00+00:00,20414.7
2015-03-17 21:51:00+00:00,20414.5
2015-03-17 21:52:00+00:00,20416.3
2015-03-17 21:53:00+00:00,20413.6
2015-03-17 21:54:00+00:00,20412.5
2015-03-17 21:55:00+00:00,20419.1
2015-03-17 21:56:00+00:00,20424.2
2015-03-17 21:57:00+00:00,20427.4
2015-03-17 21:58:00+00:00,20430.7
2015-03-17 21:59:00+00:00,20431.8
2015-03-17 22:00:00+00:00,20433.8
2015-03-17 22:01:00+00:00,20438.4
2015-03-17 22:02:00+00:00,20438.5
2015-03-17 22:03:00+00:00,20441.2
2015-03-17 22:04:00+00:00,20443.9
2015-03-17 22:05:00+00:00,20443.3
2015-03-17 22:06:00+00:00,20441.1
2015-03-17 22:07:00+00:00,20438.2
2015-03-17 22:08:00+00:00,20437.5
2015-03-17 22:09:00+00:00,20437.4
2015-03-17 22:10:00+00:00,20434.6
2015-03-17 22:11:00+00:00,20426.1
2015-03-17 22:12:00+00:00,20425.3
2015-03-17 22:13:00+00:00,20426.7
2015-03-17 22:14:00+00:00,20427.8
2015-03-17 22:15:00+00:00,20428.0
2015-03-17 22:16:00+00:00,20425.2
2015-03-17 22:17:00+00:00,20424.4
2015-03-17 22:18:00+00:00,20422.5
2015-03-17 22:19:00+00:00,20423.7
2015-03-17 22:20:00+00:00,20424.6
2015-03-17 22:21:00+00:00,20425.8
2015-03-17 22:22:00+00:00,20425.8
2015-03-17 22:23:00+00:00,20427.3
2015-03-17 22:24:00+00:00,20427.4
2015-03-17 22:25:00+00:00,20425.0
2015-03-17 22:26:00+00:00,20422.4
2015-03-17 22:27:00+00:00,20421.4
2015-03-17 22:28:00+00:00,20417.7
2015-03-17 22:29:00+00:00,20414.6
2015-03-17 22:30:00+00:00,20411.6
2015-03-17 22:31:00+00:00,20413.1
2015-03-17 22:32:00+00:00,20416.0
2015-03-17 22:33:00+00:00,20419.5
2015-03-17 22:34:00+00:00,20421.3
2015-03-17 22:35:00+00:00,20422.6
2015-03-17 22:36:00+00:00,20423.3
2015-03-17 22:37:00+00:00,20423.7
2015-03-17 22:38:00+00:00,20423.0
2015-03-17 22:39:00+00:00,20419.7
2015-03-17 22:40:00+00:00,20417.8
2015-03-17 22:41:00+00:00,20414.1
2015-03-17 22:42:00+00:00,20412.1
2015-03-17 22:43:00+00:00,20411.2
2015-03-17 22:44:00+00:00,20403.8
2015-03-17 22:45:00+00:00,20402.1
2015-03-17 22:46:00+00:00,20403.8
2015-03-17 22:47:00+00:00,20404.8
2015-03-17 22:48:00+00:00,20407.5
2015-03-17 22:49:00+00:00,20411.5
2015-03-17 22:50:00+00:00,20414.5
2015-03-17 22:51:00+00:00,20416.1
2015-03-17 22:52:00+00:00,20416.1
2015-03-17 22:53:00+00:00,20420.1
2015-03-17 22:54:00+00:00,20421.6
2015-03-17 22:55:00+00:00,20424.9
2015-03-17 22:56:00+00:00,20427.1
2015-03-17 22:57:00+00:00,20425.1
2015-03-17 22:58:00+00:00,20425.4
2015-03-17 22:59:00+00:00,20423.0
2015-03-17 23:00:00+00:00,20421.9
2015-03-17 23:01:00+00:00,20421.4
2015-03-17 23:02:00+00:00,20419.5
2015-03-17 23:03:00+00:00,20420.2
2015-03-17 23:04:00+00:00,20417.9
2015-03-17 23:05:00+00:00,20409.3
2015-03-17 23:06:00+00:00,20404.6
2015-03-17 23:07:00+00:00,20406.4
2015-03-17 23:08:00+00:00,20423.9
2015-03-17 23:09:00+00:00,20429.7
2015-03-17 23:10:00+00:00,20444.6
2015-03-17 23:11:00+00:00,20452.6
2015-03-17 23:12:00+00:00,20457.8
2015-03-17 23:13:00+00:00,20453.0
2015-03-17 23:14:00+00:00,20449.7
2015-03-17 23:15:00+00:00,20454.2
2015-03-17 23:16:00+00:00,20448.0
2015-03-17 23:17:00+00:00,20443.9
2015-03-17 23:18:00+00:00,20451.7
2015-03-17 23:19:00+00:00,20452.2
2015-03-17 23:20:00+00:00,20465.2
2015-03-17 23:21:00+00:00,20458.8
2015-03-17 23:22:00+00:00,20448.4
2015-03-17 23:23:00+00:00,20439.0
2015-03-17 23:24:00+00:00,20442.0
2015-03-17 23:25:00+00:00,20456.7
2015-03-17 23:26:00+00:00,20474.3
2015-03-17 23:27:00+00:00,20491.6
2015-03-17 23:28:00+00:00,20500.9
2015-03-17 23:29:00+00:00,20504.7
2015-03-17 23:30:00+00:00,20499.2
2015-03-17 23:31:00+00:00,20496.0
2015-03-17 23:32:00+00:00,20496.8
2015-03-17 23:33:00+00:00,20493.6
2015-03-17 23:34:00+00:00,20484.9
2015-03-17 23:35:00+00:00,20466.8
2015-03-17 23:36:00+00:00,20452.7
2015-03-17 23:37:00+00:00,20453.7
2015-03-17 23:38:00+00:00,20457.3
2015-03-17 23:39:00+00:00,20471.2
2015-03-17 23:40:00+00:00,20467.6
2015-03-17 23:41:00+00:00,20465.5
2015-03-17 23:42:00+00:00,20468.1
2015-03-17 23:43:00+00:00,20471.4
2015-03-17 23:44:00+00:00,20473.3
2015-03-17 23:45:00+00:00,20473.1
2015-03-17 23:46:00+00:00,20472.1
2015-03-17 23:47:00+00:00,20470.6
2015-03-17 23:48:00+00:00,20460.3
2015-03-17 23:49:00+00:00,20455.1
2015-03-17 23:50:00+00:00,20441.0
2015-03-17 23:51:00+00:00,20434.7
2015-03-17 23:52:00+00:00,20435.4
2015-03-17 23:53:00+00:00,20433.0
2015-03-17 23:54:00+00:00,20427.9
2015-03-17 23:55:00+00:00,20424.6
2015-03-17 23:56:00+00:00,20423.6
2015-03-17 23:57:00+00:00,20425.0
2015-03-17 23:58:00+00:00,20426.5
2015-03-17 23:59:00+00:00,20431.2
